촉각,1
탄로,6
시인,13
동료,7
심야,20
원고,5
몽상가,7
조명,1025
처리,2
때쯤,555
오랫동안,109
색안경,35
패기,22
영역,6
잔디,294
포인트,6
코웃음,70
빚더미,4
전쟁,742
세면,289
코끼리,8
포효,6
밤공기,10
길이,10
처마,5
오랜만,1426
디제이,11
시작,6554
적정,3
투고,5
한복판,9
평정심,3
화가,2138
병신,17
시일,6
생애,210
가차,30
촉감,14
무드,96
?,3
커튼,594
난리굿,2
싸가지,156
빌딩,46
양도,3
보너스,2
포커페이스,159
손깍지,5
알바,111
가책,92
시장,60
별생각,159
차이,75
레슬링,35
내면,17
악보,6
얼간이,8
중환자실,3
주지,14
도시락,5
나이테,220
재능,11
남발,9
정열,5
뒤통수,153
자기전,5
스캔,6
예약,7
팬츠,7
트렌디,1
허례허식,291
미시감,253
어젯밤,792
여름날,18
드림,3
만사,12
일로,11
버거,404
수평선,99
마성,2
신발끈,9
못난이,6
신인,2
빠담,19
번개,33
이름,5655
잔향,13
신이,1
삐,282
칫솔,169
도서관,5
소나,20
스트레스,458
가게,24
전전,13
젊음,324
쥐뿔,13
등줄기,2
오징어,4
환갑,286
재단,7
멀티,16
예언,9
해장,5
사,70
경험,390
크레딧,21
자기자신,2
반말,89
산,1113
창안,6
컨디션,7
시절,899
안보,351
살,55
제안,12
삶,4162
열정,191
나비,1170
잠자리,8
팽창,2
가격,4
꽃잎,445
삽,7
무한,47
고통,1150
상,20
기준,166
도박,141
새,584
구색,10
색,131
이마,593
행선지,6
지령문,5
스케일,165
손끝,265
무해,1
샘,136
일사천리,4
생,400
불교,6
성냥불,5
찬장,1
꾸리,24
샤,338
저주,30
카운트,1
위인,136
초과,15
수험생,5
불가능,36
타이밍,10
습관,1613
일루,98
샵,12
출발역,5
영원,3503
샷,109
바둑알,3
어디쯤,70
인류,4
기념일,5
고뇌,23
도배,88
모욕,15
한쪽,63
만세,140
아버지,88
비둘기,7
영웅,45
재판,1
이까짓거,4
성배,4
향수,553
뽀록,3
이니셜,5
절제,7
귀염둥이,6
절정,12
연주,11
금금,12
목욕,9
서,15
목요,2
최신,6
석,5
독배,2
한계점,4
동그라미,1
선,704
안부,305
방방곡곡,314
소년,352
첫마디,6
원금,4
축배,255
설,19
구석,41
펜션,1
적중,2
소녀,1192
섬,52
화초,10
겨울날,7
간격,5
성,93
특별,10
해제,9
세,7
잔혹,7
금기,3
셀,5
정원,29
누님,6
일류,7
추임새,5
금칙,3
광채,220
대두,6
대표,23
반면,9
유부남,8
망아지,4
여지,2
마술,17
구성,7
실재,10
사건,38
코미디,4
피서지,20
충만,3
알코올,1
미비,14
신세대,3
스케줄,305
외로움,1245
사교성,2
아름다움,888
예외,20
종류,1
스티커,14
분침,6
전투력,4
평행선,18
인맥,7
압박,21
질투,686
파티,157
환경,5
흡연자,4
반딧불,12
아빠,929
기지,122
실적,5
열중,1
집념,9
리얼,2
핑계,123
소,15
점장,5
속,23802
산책,14
손,14318
한마디,2157
리스트,6
오라비,5
솔,17
도움닫기,9
불금,11
야라,7
이면,2
각국,1
등록,2668
립스틱,24
솜,242
점잔,18
유치원,12
결론,26
지퍼,8
모의,5
불길,20
손녀,1
진담,2
사고,502
이모,1
월급,16
소통,509
대부분,19
구속,258
성벽,4
말장난,28
건너편,12
헛발,144
그날,2172
진단,2
봄빛,4
판단,428
청량감,2
통보,5
불구덩이,14
불치,7
사과,230
공연장,6
모임,14
호기심,252
두개,90
내밀,11
품안,7
옵션,6
회원,1334
쇠,2
배려,129
내방,73
감각,98
며칠,1917
포로,179
슈퍼,827
여동생,3
필터링,3
평범,35
자락,294
가스렌지,4
광고,19
정의,33
살갗,2
쇼,89
모자,25
사거리,9
대디,15
습기,190
터프가이,14
구치소,5
정작,19
뚱스,32
호텔,275
몸뚱아리,2
접점,2
지폐,107
접전,7
화장실,23
수,2
자랑,1754
축복,378
출발,16
고달,3
발목,95
순,20
지도,306
술,7589
로켓,7
심장,7833
불공평,805
파도,1930
용도,268
미터기,7
고주망태,2
생일,540
용돈,347
숨,9828
붕괴,199
영접,6
시즌,9
비즈니스,1
신중,76
정장,21
숭,3
선구자,170
숱,148
초기,8
숲,39
파편,3
낭떠러지,18
손톱,122
실종,5
무지갯빛,6
대딩,4
연습실,8
복사,7
참작,3
그다음,6
한참,827
예의,294
쇼윈도,15
고질병,7
성지순례,2
가치,57
대학,110
행운,294
교양,8
단련,6
일교차,3
회의,2
파동,8
살가죽,6
전진,444
보상,14
장난감,10
계획,30
해피엔딩,12
어르신,4
딜레마,153
완행열차,8
비타민,288
살결,6
연중무휴,8
호통,504
비례,4
시집,13
목적,417
꼬맹이,10
샤워,223
라이터,5
갈구,3
팔다리,21
망사,7
초침,1104
용포,7
깊이,223
차지,20
정점,5
회장,174
아이라인,12
스타,1125
애민,5
치열,120
당황,49
중형차,6
불시착,5
진동,224
우유부단,73
그만큼,4
흉내,14
쟁투,5
펜스,4
망상,156
정적,59
동물,15
정전,14
가요제,4
왕비,3
순서,20
스키,8
아이디,2
뒷걸음질,245
슛,150
신문지,3
클래식,9
스크린,6
총각,16
차기작,7
주가,2
때깔,21
강가,10
벽장,6
찻잔,59
맘속,2093
스,1325
흰머리,173
오렌지,12
너트,6
과거사,2
나잇값,279
불꽃,263
일몰,6
슬,6
착지,2
달력,140
커플,290
심정,16
버르장머리,6
흥국,2
감정싸움,151
분수대,5
메뉴,5
조물주,4
뒷모습,291
차질,7
스냅,2
메뚜기,8
보석,113
팔베개,19
오빠야,2
커피,720
환기,5
몰입,4
요만큼,7
한겹,5
레이싱,6
공터,2
싸움,1099
주책,18
땅콩,4
하룻밤,20
학과,4
핏기,28
시,796
인물,37
복선,10
삼각,4
베란다,7
신,1092
쓰레기,58
심호흡,11
속단,5
외면,741
예전,2902
구식,78
실,38
뇌물,7
보고서,53
감촉,5
심,4
고동,2
창작,506
제자,2
입맛,10
풀이,11
고독,160
싱,6
한계,324
꽃집,156
싹,252
제일,14
탈모,146
파란만장,35
지은이,2
끝장,33
쌀,280
솜털,4
쌈,22
서사,5
한곳,17
학교,37
능선,15
쌍,18
정거장,7
소주병,5
수술,291
딴소리,69
풀잎,7
예정,13
패턴,445
넘넘,8
반반,3
소파,32
예절,3
콩알,144
사기,439
흉터,14
주검,6
속담,61
낭비,176
스텝,108
주체,10
판타지,279
건설,10
외모,1361
쌩,4
계란,3
광기,6
집단,3
별일,62
생존,5
숟가락,51
터치,2
비루,12
사치,516
다음해,10
결말,167
뱀띠,2
숨소리,743
졸업식,5
괴짜,4
강철,4
알라이,42
머리맡,16
풀장,6
물줄기,5
바퀴벌레,4
페퍼민트,16
대화,154
냇물,5
실지,7
피눈물,250
아지랑이,735
꿈자리,6
웃통,3
손님,304
부탁,1718
후손,10
천진난만,3
에스코트,7
사칭,170
내부,7
다리,2212
매사,288
땀내,273
발밑,9
순수,632
품위,24
무력,16
창제,5
맘가짐,7
준거,17
베개,50
목줄,99
유행어,7
우선시,2
최악,26
썰,4
슬로우,7
요란,556
완성,45
궁상,7
누들,4
바보,9996
멘트,46
말다툼,4
썸,6
음성,32
지하,88
쎄,4
수습,4
노예,10
난사,4
노가리,4
이번,2128
나머지,18
쇠사슬,6
아저씨,859
불효자,4
버퍼링,6
골덴,90
제제,42
사바하,199
낯빛,7
무례,144
또래,12
나선,4
가로수,19
소독,16
필라멘트,202
횡단보도,11
보수,2
그늘,915
낙서,29
마른하늘,27
자판기,12
선상,3
핑크빛,227
말썽,18
오케스트라,7
쇄골,29
운동,173
풍요,4
하늘색,5
기간,74
재현,2
프로,157
자기애,2
증오감,2
책임,57
파괴자,12
가슴속,632
이별,12345
삼촌,3168
반복,3258
창조,5
속도,239
과녁,202
수신,4
치유,238
지구위,3
복수,138
음소,28
별점,3
질풍,3
뜨내기,291
허상,123
진땀,11
개척,214
멘탈리티,35
통뼈,3
기차,48
뺑소니,4
상처,5723
초콜릿,78
직행,2
응석,10
큰사람,7
철부지,298
야망,5
주최,2
유적지,4
사진첩,87
봄노래,6
자리,3916
악상,7
고등,13
철벽,10
일반,3
내후년,5
다면,3
언니,596
병원,6
싫증,185
난세,5
옷차림,10
생쥐,3
종지부,6
개체,2
무료,10
졸부,1
희극,22
하루살이,25
책장,3
극단,4
살길,16
짝퉁,211
비만,20
악사,4
돌덩어리,3
균형,15
자막,6
마음가짐,4
발병,3
자만,152
잿더미,4
보스,4
심증,1
변주,3
야리꾸리,145
유리창,9
앨범,39
감기,620
일방,36
방문,286
이미지,82
요령,110
유일,79
기겁,2
지혜,22
상관,1234
아래위,6
심지,190
의사,12
운동화,305
치장,3
채점,5
대출금,5
검색,95
위압감,5
거실,14
분노,14
쑥,286
헹가래,2
허세,16
썰매,6
천분,4
의상,6
법칙,25
커리어,2
방화범,2
놀음판,7
거시,48
합격,2
기척,6
색감,6
전개,7
기계,14
미소,6703
악셀,2
육첩방,5
언더,6
언덕,376
빈털털이,6
가난,173
이불,1616
스트,5
마사지,158
수수께끼,17
증명,349
근대,4
옆집,20
악성,9
소풍,13
반바지,4
빈말,14
예지,6
홧김,235
새것,8
취향,331
버킷,2
총기,7
열차,8
주기,7
시간,25106
저격,7
망신,5
팩트,35
여비서,99
재태크,3
원피스,5
시각,6
잘잘못,4
혁명,11
맨손,7
다이어트,10
식재료,5
입버릇,15
무릎,2034
개굴,5
고향,15
전화벨,103
직업란,3
시차,6
비명,173
연결,28
노을,273
길가,5
일보,9
선수,45
착각,299
본심,58
녹음,7
총칼,5
미스테리,10
이상형,41
깨달음,15
무리,68
관리부,324
애비,4
보잘것,144
무마,2
목요일,202
깍지,12
음식,134
동갑내기,6
골프,5
중간,43
출발점,11
자동문,3
차창,3
남사,6
큰일,668
혼돈,11
노인,12
일분일초,9
현명,17
덩어리,5
속도위반,1
며칠쯤,87
격변,1
만약,3464
말씀,25
맥주병,3
오월,3
전체,25
기름칠,6
씬,316
어둠,3274
쓰잘데,141
친절,42
포기안,2
씨앗,4
방방,6
여권,20
씹,9
돈다발,2
불통,5
직후,4
사명감,5
산더미,9
미술,10
시체,13
신참,3
지휘,10
행진,21
구설수,7
아,50
악,47
실망감,7
약물,95
모르쇠,1
안,20228
현기증,6
시청,6
대로,57
알,4424
강아지,22
술버릇,4
암,12
압,6
앞,8092
팬티,10
옛적,2
애,4057
공평,307
산토끼,199
부담,943
연구,180
전공,4
악수,104
허허벌판,141
이빨,9
날수,256
시계,1173
형제지간,7
막걸리,51
허스키,2
소도둑,61
검정색,4
장롱,2
스뎅,35
손등,9
야,332
약,701
과다,2
요리,194
시공,12
무한대,8
공포,5
열광,4
부스럼,7
저축,7
얌,5
퍼즐,3
노점,4
사내,4
양,140
부팅,5
결백,6
시골,3
뜀박질,4
부대,9
상기,11
방법,687
옹달샘,2
일부,306
사냥,3
손때,12
해결,22
객기,18
뒷자리,23
애송이,12
봉송,12
사탕,321
유행가,169
응시,4
실감,811
어,38
연출,2
줄기,472
레벨,4
하나마나,7
얼,149
유죄,3
부패,5
메이크업,6
엔터,2
신경,1448
뼛속,47
업,12
무명,101
모래사장,4
소형차,6
밉상,4
에,366
다방,153
선심,4
엔,4
폭발,254
믹스,2
좀비,5
나팔바지,90
엠,3
재력,47
독서,6
놀이,70
미친개,2
촌놈,9
콧노래,1104
설득력,7
물리,18
독설,10
여,273
역,19
업데이트,7
비행기,370
욕망,12
연,35
전국,118
열,1378
중고,7
비쥬얼,13
기름기,6
터널,21
손해,143
벚꽃,2162
엿,4
낙하산,1
영,104
바가지,299
침입,5
옆,4929
증발,23
피동,6
예,2687
어필,2
시국,5
몸짓,383
이벤트,15
진흙,17
메세지,73
외부,7
연극,22
구역,32
따따,60
신고,248
음식점,1
실천,7
불가해,133
단발,15
벤치,45
오,286
옥,2
빨래,176
온,8
치즈,3
비밀,2437
소홀,3
기침,5
현대판,1
평생,922
야밤,3
등본,10
옷,1902
영감,36
식구,8
보금자리,2
잘못,2154
털끝,12
적금,10
긴급,4
그때,11105
완,6
몸무게,15
귀밑,2
시간표,2
쵸콜릿,6
딜러,10
양말,2
맹세,191
조상,3
거리거리,4
대륙,5
가랑비,11
속눈썹,4
딴사람,19
왕,33
연기,1412
하나,82
문명,4
굿거리,7
왜,5
과도,271
재롱,9
머리,6866
민심,5
캠퍼스,12
청부,2
마을,5
모내기,3
오전,16
외,6
불티,6
내색,19
증후군,2
삼삼오오,5
월급날,4
의심,996
피난처,1546
헌신,92
청바지,37
머릿,16
세상,22644
마음,29351
엄폐,2
욕,769
컬러,28
오케이,12
키스,856
바이러스,3
의식,79
잠재력,10
빠루,12
등불,715
감탄,493
메뉴판,53
목격자,8
열기,285
육지,4
용,8
고래,162
정착,11
달밤,28
색칠,172
버튼,30
가능,724
우,2
색깔,783
운,95
전기,11
수업,12
엘리베이터,5
가늠,16
유지,317
울,1249
까치발,12
늦깎이,4
대리,10
안심,40
구경거리,4
움,92
도수,18
쌍코피,199
오른손,11
썬글라스,3
착취,5
언행,3
악세사리,3
워,1640
시기,633
원,5649
출생,3
눈치코치,26
장마,6
생각,29885
꽃송이,3094
마니또,7
초대,38
불조심,199
정수기,35
내성,7
식기,15
막장,2
상상력,2
똥다리,9
가닥,401
구원,256
수영,17
한탄,8
엇모리,7
야자나무,3
평소,311
수염,3
만신창이,1
위,12072
출세,99
책임감,20
경배,2
긴긴밤,7
고속도로,4
곤란,538
회개,170
공해,7
공항,7
예감,463
성숙,297
학년,10
시침,15
춘천행,6
별볼일,6
틈새,54
패딩,4
유,6
정체,13
불편,547
박살,23
불완전,10
맹수,5
영광,2
실축,5
기다림,7
무미건조,6
감나무,2
목청,2
손거울,5
윷,18
개꿈,7
쉐이크,6
정처,3
만인,15
화답,2
으,38
꽃길,41
은,18
김말이,28
스토리,175
을,16
강탈,744
양식장,4
신기,7
작별,291
음,228
읍,6
확대,3
의,8
쬐끔,5
음악,5732
점심시간,10
대면,6
수요,2
순대국,6
공허,11
간대,160
족쇄,16
두뇌,2
소란,67
우려,7
참견,521
오줌,269
녹지,10
두통,7
이,23
평수,5
장면,133
인,53
창가,606
박진감,198
일,10823
가디건,2
촌티,9
연습장,68
화요일,228
행각,269
반사,9
머리카락,1015
임,1
입,6119
잇,7
천사,1069
맑음,18
구입,2
잎,1690
도시,347
아파트,8
자,642
맵시,33
작,9
횡설수설,10
잔,953
빈혈기,7
하루이틀,14
존댓말,5
퇴근길,84
간판,19
샹들리에,3
잠,8958
보통날,24
이사,12
잡,2
호의호식,291
피해,2038
장,46
애석,14
소량,1
전국구,5
담배,577
부피,5
재,12
택시비,8
참고,4
위기,163
장미꽃,40
잼,195
잽,290
대목,2
예고,45
아지트,8
경보,6
칵테일,3
문밖,11
성실,20
촛농,7
위치,28
계발,3
덧칠,5
빗물,547
만점,28
이상,8654
어두움,4
동산,144
쟤,97
화폐,5
제게,241
종소리,21
번지점프,5
서양,5
갈대,4
홈피,35
내숭,139
슬픔,2492
수위,18
지리,13
각도,12
세수,37
근황,3
은유,2
아랫도리,4
코스모스,15
정유년,7
공황,12
손수건,15
화폭,4
전,5088
오지,27
김칫국,5
발사,19
절,113
감투,3
코흘리개,3
김치,84
반성,17
점,176
접근,4
벌판,3
정,7
젖,4
뽀뽀,16
황소고집,6
러쉬,2
덩치,14
호흡기,5
광대,30
목축,6
붕대,18
행거,3
동상,8
속력,77
은인,6
이부자리,23
상태,283
구슬땀,2
이성,766
소화제,4
별것,14
넥타이,356
인사,2008
지배자,10
대문,4
몰골,126
철새,5
만족,756
동생,314
발상,19
호흡,165
높이,38
한눈,412
스피커,16
별거,7
번지수,4
북소리,5
제공,7
여자애,8
미안,1166
인색,6
시궁창,8
노랫말,461
돌멩이,7
제곱,4
몸값,9
채찍,84
인상,18
봄기운,14
옷장,2
하늘,10924
창고,9
거울,2128
마중,32
수작,279
철석,3
조심,1354
세습,4
분해,3
목금,2
조신,11
잠바,5
순위,1152
진리,92
동선,17
족,13
수입,14
하트,6
인생,2548
이곳저곳,1
정규,3
선언,4
아침잠,5
흰눈,8
탄생,146
묘사,5
사돈,159
기타,55
종,41
개털,45
편안,911
좌,13
주눅,158
월드,5
냄새,1550
낙엽,565
아래쪽,3
원한,2
어린애,152
긴장감,13
매연,3
아안,5
스페셜,2
날씨,1582
모기,2
유지비,291
빗줄기,5
인성,6
개념,2
츄리닝,792
비린내,12
새끼,336
자비,5
무성의,7
지면,9
내심,5
충성,150
편애,3
박수,1072
급행,10
최소한,5
괴로움,235
비밀번호,2
낙오,7
온종일,247
양반,12
죄,749
휘핑크림,11
고립,3
눈매,19
복숭아뼈,3
부활,61
교차,3
삽시간,2
걸음마,13
교감,2
고리,9
일개미,6
섹시,2
지명,3
심기,1
일상,1272
출신,49
핫핑크,5
혼란,1006
존심,39
쪽박,3
일요일,2
노란빛,5
수정,19
중학교,7
유감,5
장미,975
생기,14
몸체,3
수저,7
지목,6
센스,2
지모,4
탄성,7
달빛,879
일생,29
감당,573
주,505
고막,8
죽,6
헤어스타일,5
찜통,3
호랑이,2
예측,142
굴절,4
망나니,2
대박,298
줄,336
전날,6
시크,35
대형차,6
쪽배,8
줌,9
형벌,3
가을바람,11
불행,255
똬리,2
보이,446
와인,13
어중이떠중이,6
로또,9
밤샘,4
보장,5
표준어,2
밥상,1
와이,6
자심감,1
밤새,1417
머릿속,660
기념,7
싱글,1
박스,4
품격,11
숙제,5
물방울,407
마이너스,248
노골적,4
반푼어치,99
시내,2
맞이,148
낙원,44
뽀삐,5
이기주의,9
티비,126
악셀레이터,5
쥐,58
악역,21
솔로,286
현상금,2
외상,14
악연,10
한패,153
가타부타,208
저녁,716
마음속,892
미완,7
원형,165
소름,749
지문,6
강단,2
술잔,3803
쥬,45
푸른빛,16
인사차,7
플러스,249
에너지,268
새벽하늘,7
테이프,170
전동차,7
다모임,5
오매불망,1
당구대,5
메이컵,4
주파수,7
채찍질,7
응원,29
불똥,7
현실감,101
이슈,44
제기,2
거절,1330
한데,13
변칙,4
상팔자,6
강당,2
여배우,5
눈칫밥,4
멜로,6
하얀색,11
들러리,6
총대,6
양보,73
양복,11
식탁,51
코치,4
신나,50
이슬,39
멍청이,25
감독,7
괄호,3
벽걸이,5
친척,9
청색,2
소립,144
늦잠,2
웅덩이,7
언론,6
불안감,7
득실,11
당부,2
장바구니,6
파문,2
소리,10757
밤하늘,388
노래방,51
화해,82
석유,3
아니마토,7
지,278
소매,6
걸음,1027
직,13
면허,6
진,154
꼰대,212
한편,23
저녁쯤,5
질,20
피아노,79
겉모습,81
소망,47
풍경,969
나이,892
엔딩,659
해탈,7
짐,696
복제,2
동서남북,2
집,8425
걱정,4211
짓,1935
노창,5
재미,213
얼레,19
징,14
대변,3
외세,5
해내,5
감동,104
짝,843
행기,126
미움,253
탐색,11
아버님,3
먹거리,3
선글라스,1
아웃,288
막둥이,2
낙인,6
놈팽이,205
보조,5
영화관,17
짬,2
대본,8
수준,281
순종,4
짱,3
오늘부,218
한도,20
속맘,2
냉소,2
카메라,12
설움,11
글라스,287
포식자,4
훼손,3
매일,1058
실크,7
선율,15
그룹,3
두둑,291
볼일,8
다음번,5
본전,8
울림,5
보라색,341
몸서리,2
스로,4
갈피,20
눈물,32604
퍼스트,6
음절,2
의욕,7
동심,5
너머,1550
복종,292
하품,18
신바람,5
가혹,6
동시,39
불효,8
방세,6
해질녘,3
밀가루,4
충실,255
고양이,45
딸내미,2
눈웃음,217
군지,6
상대,124
가격표,223
운명,2296
의용,5
중년,4
상담,8
염탐,7
고문,13
독약,27
발신,5
편지함,1
실낱,5
편위,76
매장,8
완전,3467
성탄절,34
어른,2044
상단,293
기능,4
개판,2
논거,14
눈치밥,4
청소,173
신념,5
질문,1232
지배,21
건조,25
서점,12
얼굴색,1
재범,2
찰나,127
비관론자,3
오감,363
소멸,1
재벌,16
냉수,11
보랏빛,96
인식,2
소용돌이,34
탄식,7
소모,2
이맘때쯤,4
물빛,4
친구,7398
왼손,21
난도질,2
방송,243
어림,100
게양,2
엄지손가락,6
우물,467
전세계,255
미인,21
쇄도,38
그름,7
칠전팔기,21
관람,2
그릇,13
말동무,5
오차,106
황폐,2
선인장,6
강강수월래,199
번호,514
벌떼,3
아이,1692
어머님,29
역대,4
인산인해,2
그린,170
수지,11
홈런,16
명품,205
얼룩,10
추억,11017
어머니,74
피로,49
편의,4
쪼,7
치근,6
사고방식,12
모니터,18
메모,5
기대,2020
길눈,5
와중,230
강둑,5
입맞춤,17
원래,13
그림,1302
쫑,1
꿈속,1932
골목,218
침착,19
굴지,5
아마추어,16
겉옷,2
숫자,258
연단,4
관심사,18
저당,6
성수기,304
생채기,7
별꼴,152
약봉지,6
비상,1
권위,4
아재,11
섭외,185
과로,7
그맘,10
일시,5
환호,237
브이,3
손목,157
데낄,209
삐리,168
벨트,104
앞자리,8
적대,4
이력서,12
고민,3752
취미,35
개편,3
코쿤,1
부러움,108
스커트,14
놀이터,30
청순,107
범생이,4
컴플렉스,1
겸상,35
최고,1749
마음뿐,17
의자,19
봄바람,34
단서,4
입술,2900
모태,5
폭소,7
회복실,3
현상,12
입수,741
야성,11
노출,291
소문,28
최초,9
미니멀리즘,5
백성,17
국화꽃,7
믿음,531
뒷통수,5
깃털,4
먹구름,264
조미료,7
고백,3533
거지,1014
칭찬,254
선조,5
머리속,97
막간,2
효과,216
눈송이,6
등수,3
대비,3
온건,2
먹빛,3
속물,251
크기,12
내야,5
마감,7
평온,16
막차,22
설정,121
한때,348
도움,34
나중,588
닭살,1
텐트,4
마찬,4
우발,6
긴팔,8
카페인,5
거짓,503
마차,280
사회,16
안전벨트,2
십이월,396
자전거,5
콧방귀,9
마찰,7
불투명,3
기도,2501
한해,6
입방아,3
스릴,2
야속,311
팔방,5
코끝,308
스리,5
전파,8
얼마,336
명함,5
역동,5
샌님,4
열대,1
자석,86
윗입술,2
태생,160
언저리,7
특유,8
구석구석,4
맥주,49
최대한,5
다수,6
아이러니,24
뚜껑,13
노다가,42
식당,11
컴백,20
안전,5
무릎팍,6
화랑,3
약속,6375
술집,22
약손,201
자세,179
단속,2
잔상,60
청승,15
레슨,2
시대,577
푸념,7
왕자,178
불로,32
방식,53
자신감,609
줏대,5
어중이,2
지붕,19
연도,3
경쟁자,7
겸손,81
출연,2
초가집,6
부류,3
실투,5
지불,117
만감,3
쯔,4
안정,58
뒷머리,7
불분명,3
작성,11
건지,788
차단,10
추월,2
절대,11
뿔테,5
손가락,910
민족,15
오래간만,2
추위,34
피리,12
근면,2
뒷짐,2
방심,9
잠꼬대,14
만찬,7
느림보,1
남자,16749
가을밤,9
상품,3
가,3036
각,6
구가,24
맞은편,15
각선미,7
에러,6
의존,6
간,5
은하수,37
낯가림,6
선입견,3
변태,5
찌,326
여주인공,19
환희,4
감,488
갑,20
값,357
탑승,5
주행,7
강,18
빠빠,4263
목구멍,2
경비대,5
등신,2
연병장,2
해답,219
개,129
찜,26
알맹이,4
해당,6
기둥,6
객관식,3
약수,5
진부,5
발걸음,1752
차,1468
값어치,11
결심,152
속삭임,3
위트,4
통유리,7
뜻밖,5
코너,23
흐름,814
원룸,3
찬바람,206
갱,9
가까이,25
사흘,402
권력자,5
참,1527
갸,373
최근,12
창,1477
이야기꽃,2
비수,237
닭다리,12
채,2
책,144
개구리,424
헤어,274
초록,252
그물,5
빈속,10
졸업,9
연락처,12
덧니,3
역풍,5
챙,1
성의,102
빈손,5
손아귀,10
내용,3
시동,22
에나멜,7
계상,5
윙크,517
포식,2
하루쯤,2
게임,1089
세레모니,127
시도,318
일쑤,5
요주의,2
삐딱선,2
매진,26
도장,19
사람,36854
걸,35821
계산,521
인터넷,267
헤엄,7
사랑,85723
비평가,5
검,15
겁,2461
개런티,5
것,64
세월,2507
갈래,219
겉,536
폭식,9
통장,30
미지수,6
게,23255
성장,18
시작점,17
손발,129
낭자,6
꼭지점,4
처,8469
동안,1811
앓이,6
구걸,29
광란,8
엄마,2456
가랑이,11
철,166
크리스마스,102
아스팔트,10
사필귀정,6
배신,7
겨,900
첨,283
검은색,92
요새,451
안주,25
청,5
결,5
체,2
힌트,7
쥐구멍,297
관리,77
겹,24
한구석,114
발악,50
곁,14257
구경,17
뱃살,3
내위,1
표현력,4
해독,13
반열,2
천연,7
중독,102
동양,10
열등감,8
제스쳐,5
왕좌,1
안중,9
짜투리,5
빗소리,302
도전,32
필름,38
실패,804
고,5
곡,530
수갑,134
바닷물,8
떠중이,2
아직,82
국경,3
골,220
성적,24
야심,3
벌레,729
막춤,199
황홀,83
물살,4
곰,526
수가,6
휴머니즘,6
여름밤,572
곳,12048
공,8
과,131
신도,2
애완,1
무기력,21
가루,17
독점,2
관,16
열풍,172
마지막,8651
여행,560
촉,285
역할,208
촌,16
티셔츠,10
영화배우,10
내음,4
온기,505
개떡,101
광,27
편지,404
순식간,6
원망,3249
랑데뷰,6
괘,56
이것저것,2
총,20
통제,6
속보,4
관자놀이,2
역행,3
키보드,291
날짜,18
바둑판,3
엉망,144
향기,3456
표현,2488
괴,42
귀신,18
개떼,6
욕설,6
조작,5
서쪽,27
기한,13
축제,16
부모,81
세자,50
감흥,15
죄의식,4
수건,4
눈빛,7662
내입,149
자신,4289
치킨,4
연필,5
빛나리,203
검진,5
불만,476
검지,13
채널,10
자식,33
콘서트,6
계속,886
내일,7075
돌부처,4
인연,1587
빙산,6
쓸데,8
사나이,64
유난,19
노랫소리,643
바위,15
애원,457
농구,5
구,3
미치광이,8
순간,10317
의지,239
군,16
파마머리,5
수요일,227
고비,9
주인공,1384
어저께,3
굴,22
전등,2
타올,33
평정,6
현실,1126
굽,169
에프터,304
평점,5
조수석,3
굿,85
조절,36
연행,3
티슈,18
택시,435
예능,17
수첩,7
미용실,3
만취,206
아들내미,3
제정신,19
영웅담,5
버릇,544
추,103
축,82
정답,615
분풀이,5
존재,1363
가운데,88
춤,3542
충,8
과묵,2
처음,8959
이용,331
가능성,6
확률,25
겨울밤,266
새해,18
종양,5
루즈,59
대사,29
조정,4
심판,3
뱃속,17
항해,13
오르막길,12
장사,20
무중력,2
귀,4014
독주,12
투명,2001
물속,174
시행착오,253
보채,5
모델,2
공백,24
롤링,5
상황,512
수고,332
눈시울,7
망각,177
울분,3
대상,291
자취방,13
이웃,7
원숭이띠,7
양성,7
빠순이,2
솜이불,2
노크,6
방바닥,4
계산기,5
귤,5
말귀,65
가르침,4
다이빙,6
반올림,7
마음씨,9
바이,14
한량,2
굴곡,6
극,509
오늘내일,6
옛날,646
코트,2
복창,7
콧날,267
애인,251
글,176
빗속,101
양손,9
금,1554
극복,84
급,36
템포,37
승리,31
조종,219
박자,71
순결,22
귓속,248
마무리,31
언변,4
네모,2
요술,7
업무,2
츠,3
금물,7
잠버릇,4
대성,2
방안,368
이윤,166
반응,648
대세,181
무심,514
기,2232
큰일날,14
이유,7362
건강,52
까닭,17
트로피,12
길,8291
드라이브,28
가해자,6
끝단,273
무식,9
무시,354
지상주의,10
깃,8
명령,10
끝판,7
기회,2967
정돈,25
까,18
풍년,12
무쌍,1
지난날,420
송두리,21
교과서,5
깔,7
정도,1709
액자,204
본채,13
친,29
신하,7
칠,28
가면,53
실오라기,1
시험,97
잿빛,6
침,524
깨,213
칩,3
본건,2
모서리,8
신토불이,3
안쪽,76
회복제,2
어린잎,21
진흙탕,284
교통,20
멸망,10
카,21
초면,1
말기,80
뒷걸음,11
칸,113
허리춤,92
첫날밤,5
창대,10
입안,67
보고,10
제대,29
칼,28
미친놈,33
콘티,7
젠트,7
변덕,302
이자,3
사막,261
캅,42
드라이빙,10
대손,6
날갯짓,16
조준,6
천재,5
동의,3
하루,14514
유통,3
천장,32
가명,5
통증,14
하나쯤,178
캔,14
푸레기,3
바캉스,7
과소비,6
사리,2
유토,2
반장,12
풀대,7
신호탄,12
보관,7
재산,15
장소,306
희롱,7
연예인,13
주렴,5
캡,4
타인,6
은근,9
행패,2
둘레,3
발음,119
타이어,2
추진,252
재생,12
사망,7
시청자,4
본체,12
애정,682
앞머리,82
성질,148
아이스크림,332
멤버,7
하룻,74
분기점,2
화면,19
계획안,7
방어,6
모두,4131
문신,254
갈망,3
우리나라,3
철인,5
목표,113
물안개,2
궤적,5
빙수,4
전화,6496
타자,210
껌,453
전환,9
동작,10
머리꼭지,6
후광,4
타입,517
고뿔,3
발작,7
건곤,5
훈계,5
거구,12
즐거움,7
퀄리티,4
군침,61
욕심,1253
옷깃,583
완결,7
컵,58
지사,5
탁자,7
욕실,174
컷,5
인의,3
반전,73
케,218
존중,907
뒷골목,3
겨울,2803
뒷골,2
이전,7
어지러움,4
장수,2
변동,245
대수,163
분발,3
지새,17
당시,12
낯짝,286
지상,205
뒷번호,1
흑백,24
미간,7
켜,12
플라스틱,3
복권,6
보충,1
모드,3
잠시,352
아가,7
제동,4
잠식,4
한가지,18
인재,6
꼬,4
모퉁이,16
이제,30403
꼴,1394
문제아,11
분배,3
숨바꼭질,10
실행,3
공부,50
신호,323
알리바이,4
사명,7
화장기,7
꽃,4068
고1,170
꽈,42
선거,3
동정,196
위험,2450
선택지,656
주도권,1
코,1056
수치,5
프로필,10
콜,15
동전,13
바람결,278
손뼉,1186
양심,101
행운아,7
진상,16
콤,1
부끄럼,13
찰떡,92
지성,7
콩,27
날개,1503
행동,1849
신화,177
돌진,7
볼륨감,5
컨셉,11
데드,6
대쉬,7
복귀,5
맛사지,6
나룻배,4
인정,1302
감리,5
탈의,6
용서,858
여럿,10
비애,2
종일,4502
자존심,676
숨결,773
샤워실,5
낙관,5
인적,13
모래성,4
빌딩숲,1
연락,2023
위협,2
오른쪽,383
종이,72
두말,3
별도,106
잉여,2
짬밥,35
움직임,4
발버둥,78
고삐,16
배역,6
올로케,5
건축,5
몰두,15
방울,369
심플,273
실현,7
좌우,908
꿀,833
정신병,7
수컷,291
꿈,17771
서구,2
대시,2
안개,116
꿍,20
술취,20
사기꾼,108
설레발,12
업보,36
단어,109
모해,388
피부,317
거짓말쟁이,3
낑깡,4
비어,254
고생,479
실화,50
쿨,8
말괄량이,1
느낌,3457
희망,1361
밤잠,33
여론,4
체온,143
강박감,2
편견,337
한말,24
쿰,42
태아,418
반죽,3
재수,172
통행료,6
날것,5
대신,1797
한가운데,15
푸른색,3
눈꺼풀,5
삼류,70
이중,23
현관문,6
디스,3
사물,5
초반,12
꼬마,33
우상,12
망치,304
사무,39
주름,33
코드,12
소유자,273
부분,17
꼬리,533
석권,35
부부,7
우산,554
질색,6
불법,3
막내,16
골짜기,10
와일드,15
증거물,5
애증,2
모험,308
그리움,3039
회피,5
태양,773
뒤끝,10
매출,5
불변,4
처지,5
댄스,20
허공,303
기록,302
얼떨결,110
술김,110
설계,3
실마리,4
바지,746
가방,308
로봇,11
뒷바라지,8
밀착,5
증오,10
사투리,5
지수,6
영혼,1495
잔나비,7
끄,23
다운,18
테이블,7
가슴팍,2
끈,581
줄거리,6
곡선,6
만남,1198
작업,60
의견,13
끌,6
주말,360
질서,7
꾸중,7
큐,10
중중모리,7
불확실,23
노트,105
봉착,2
끝,15931
완급,6
콧대,163
제자리걸음,6
번민,1
눈싸움,7
표류,9
멍석,7
영화,2056
안경,50
마녀,20
모자람,3
코피,3
핍박,3
자연,272
귀머거리,3
웃음꽃,2
냉정,307
모형,5
끼,759
매뉴얼,5
물거품,24
배웅,17
창피,32
쇼파,4
팽배,2
교포,2
시곗바늘,278
방장,3
서기,5
태연,664
청순가련,14
일종,2
항로,2
배우,11
럼주,4
나,15
격정,5
낙,2
말끝,10
카타파하,4
난,58
반토막,2
날,88908
살림살이,3
변해,51
키,1943
주먹,131
킥,13
리드,10
남,4145
제때,21
칠판,6
바보짓,122
낫,447
낭,5
낮,267
낯,573
상류,6
천진,7
천하무적,5
입자,3
해바라기,12
설교,3
간밤,4
핏발,7
문제집,3
태엽,911
낼,12
취소,10
천지,2
허구,12
반지,553
타,261
등장,75
앞사람,9
함박눈,6
탄,6
가족사,5
탈,148
냉,1
장미빛,3
도개,18
동네북,144
탐,345
호박씨,1
탑,28
시력,5
탓,2691
시련,600
영순위,2
리듬,4706
입장,255
태,28
택,81
랩퍼,38
좌절,298
옥수수,269
사방,28
답안,3
토론회,5
어깨너머,249
남정네,3
메아리,261
십자가,5
힙합,189
오늘,18411
방전,3
탭,288
소유욕,7
레저,15
탱,269
경영,2
깡패,19
호시탐탐,12
도착,556
체육,6
초보,7
추가,2
뭉게구름,15
운전면허,1
다음,1500
세상일,4
여름,8344
소설,84
차례,255
각본,9
포장마차,116
웨이브,5
피씨방,4
생활,499
단위,8
넋,704
독창,6
리필,10
굿나잇,9
널,525
울상,11
무언,812
잠시만,163
웃음소리,173
운세,8
삼면,4
얼굴값,244
포장,413
확보,7
흥미,36
장맛비,155
계약,26
중력,163
고수,375
스스로,4
터,603
턱,230
인내심,267
핸드폰,886
주목,26
턴,9
동창회,4
사무실,5
털,2
화보,7
원동력,7
지팡이,3
최대,208
인증,6
녀,4
기름,118
탕자,7
속셈,4
금빛,7
인질,7
몸뚱이,2
오답,8
비유,586
테,2132
평가,246
텍,5
럭셔리,1
인지,12
왕관,424
발짝,6
기폭제,2
분비,2
악취,6
탐정,7
증인,2
허튼짓,4
말년,1
떡대,10
아름드리,245
울음소리,31
환호성,252
결정,154
유품,7
비율,132
아기,14
칼끝,2
녹,99
합리,10
산들바람,3
논,11
스터디,5
백일,7
섬광,7
숫기,5
성격,718
놀,78
침대,647
바위틈,14
말버릇,3
변화,256
경우,3
자유,1541
놈,416
조각,820
기만,7
놉,5
마니아,7
쌍둥이,4
아까,7
헛간,7
악기,10
쉐이브,300
앰뷸런스,6
설거지,5
비음,2
토,1334
왕국,4
구토,5
톤,2
주문,726
다정,10
갈대밭,6
화분,7
설치,3
이야기,2079
단잠,314
염려,5
진심,4970
반쪽,348
저리,279
통,287
암것,6
진실,1778
꼭대기,22
아침,5187
노을빛,5
칼날,100
위로,1660
불빛,1158
실례,164
적립,3
그새,592
기고만장,6
신뢰,7
레파토리,163
테스트,5
뇌,872
전류,1
죄수,5
갈비뼈,6
강물,81
세간,83
형아,5
두려움,756
실력,469
두발,701
끼니,2
일지,6
쓰루,6
테마,7
탈진,12
모래,790
간부,2
화장품,6
입학식,5
적막,26
요염,1
독촉,3
배정,2
게으름,5
독초,3
연말,8
오지랖,7
배제,244
성공,764
통과,2
프리티,3
누,1219
거드름,2
효도,22
눈,39340
질식,16
도화지,703
혐오,3
우승,15
광복,4
동쪽,26
헛것,6
소수,5
세상만사,1
동남쪽,25
조건,572
샴푸,27
스킨십,11
왜곡,4
스웨터,204
약정,6
마당,8
먼발치,6
약점,25
시름,30
현재,5
휴식,5
비디오,10
수년,4
단절,7
잔이랑,5
고속터미널,15
출퇴근,21
단정,201
마담,7
현장,3
단점,180
사분,1
추구,3
벼랑,406
장애,18
편의점,11
황금빛,24
페널티,144
말투,1988
발가락,7
페달,17
척척박사,1
한방,387
비전,6
장악,7
판때기,35
숙녀,185
생략,8
판단력,92
출처,9
범벅,46
눈썹,31
열매,295
특급,156
한풀이,6
축구,15
오래전,15
라면,68
신호등,12
유행,31
콧등,1
추궁,1
하우스,4
하극상,5
모레,31
소스,2
넘사,2
온도,99
빈자리,521
작전,11
콜라텍,9
차림,17
특기,5
양옆,8
꽃다발,18
세계,680
자제,8
늑대,166
자정,34
대통령,30
콤플렉스,10
근성,10
감별,199
대어,1
망신살,2
박차,2
흥분,220
주름살,7
늪,236
한벌,6
폭죽,12
동반자,5
은퇴,14
클라이맥스,2
바닷바람,4
자물쇠,10
경쟁,30
그때쯤,9
따스함,19
폭주,14
한번,2147
컨트롤,7
작정,11
틀,459
목록,23
체중,171
토끼,15
틈,1806
소식,524
소신,5
쇼핑,129
절망,51
존경,13
연못,5
호불호,2
님,866
몰락,30
반쯤,304
외국인,173
다,1519
조국,5
무장,2
이쯤,313
달,2145
닭,7
티,1170
짐승,19
백화점,1
틱,442
지구력,3
담,275
풋내기,6
답,2995
호수,487
직장인,5
닻,23
우왕좌왕,3
팀,113
애걸,7
대,5
유혹,1923
주범,7
댁,16
건너,4
반찬,85
포즈,11
외제차,10
아가리,42
황인종,7
파,1347
댐,524
판,43
농담,95
팔,711
추측,3
예술가,1784
팝,947
독기,2
나날,116
죄책감,24
정류장,8
팥,12
담장,10
입체감,6
패,45
고급지,2
패션,302
캔버스,1
팬,1485
이차,6
집시,7
더미,2
사팔뜨기,244
재앙,4
디자인,7
콩떡,45
위풍당당,2
암기,16
답장,597
달리기,11
출구,15
개미,4
회로,7
손실,3
동갑,15
문자,958
부자지,6
나태,13
더,1250
덕,1322
보통,341
통치,5
할아버지,145
비중,2
알러지,12
바람끼,3
테러범,2
주변,670
펌핑,7
맥아리,2
춤사위,2
실망,162
덤,347
어리광,133
길목,25
덧,1
덩,1230
덫,136
손잡이,2
교훈,5
망토,5
윈도우,9
뿌리,129
다짐,2359
문장,8
퍼,43
승부욕,1
쓴맛,5
조금,4009
뒤편,10
군대,24
물음,314
비아냥,10
알콜,96
해명,6
스위치,2
체질,7
깡다구,2
데이트,561
모래알,18
인가,31
유효,5
인간,157
탕진,168
펜,33
숨쉬기,285
마라톤,32
파악,8
선택,3467
미남,3
전지전능,2
밥그릇,3
전문,2
카펫,2
애초,108
되풀이,473
매너,304
백지,21
수트,8
콜라,3
정반대,14
카페,449
신명,6
미디어,13
난쟁이,7
도,16
독,963
돈,4078
오해,1323
세금,3
평,10
팀원,1
아로마,6
돌,473
구도,2
폐,3
계절,2228
잡음,6
촛불,538
수다,221
돔,50
배짱,106
왼쪽,619
동,38
당장,903
위아래,218
재연,3
기미,36
여백,5
오토바이,18
얌전,24
세기,17
어깨짐,5
쌍꺼풀,1
요점,2
아내,139
애교,37
내기,300
이맘때,20
포,12
이골,4
폭,12
녹화,6
폰,5
시니컬,6
조치,4
문제,297
출근,31
만수르,5
약지,8
폼,41
꼬붕,5
테니스,7
척추,202
표본,3
발견,100
무죄,3
반대편,14
봄날,90
유휴,6
민소매,1
분석,8
손바닥,319
동경,17
잠재,13
되,11
인걸,5
요정,114
허탈,18
양아치,205
조카,370
재채기,25
일편단심,6
자질,6
사생활,2
파업,101
민낯,7
깽판,2
병신년,7
설탕,52
혼심,6
동공,1
퇴장,139
건투,5
정리,464
빗장,33
충격,7
인척,4
할부,6
직업,46
혼신,7
원샷,32
눈앞,885
정말,4
신물,4
천국,5104
불침번,2
압박감,12
삼분,3
호숫가,5
눈알,5
유희,1
심리,5
휘파람,14
머리칼,20
마디,1406
앙칼,6
표,21
짚신,3
발광,7
욕조,23
근심,24
협조,5
패스,12
월드컵,4
대인,6
구두,54
멱살,199
안내,13
개봉,2
지옥,135
수퍼,153
아줌마,220
고집불통,4
띄어쓰기,2
풀,283
앞길,67
센치,95
처방전,3
거대,100
품,3957
은폐,2
찬물,14
빨간불,11
껍질,22
저번,2
외각,1
손목시계,106
장작,4
숨통,437
보답,11
몸뚱어리,3
갈림길,254
서러움,176
공식,390
괴물,184
목적지,14
빈집,9
투성,326
뒤,8138
후대,5
쓸모,20
진열,6
첫걸음,9
사이즈,5
캐릭터,168
생일날,88
일거수일투족,7
훗날,92
대장,2
수도,5
타국,5
바른말,7
경지,5
가사,4837
본능,847
옆구리,15
형제,23
전방,7
팀장,52
듀,15
실물,4
킹카,16
첫차,10
예매,2
코린,7
권태,12
바깥,37
유리병,3
모멸,1
애기,66
남자애,7
호르몬,4
비웃음,18
올해,1344
스나이퍼,4
청문회,1
덕분,725
규율,6
수동,4
모면,5
기본,154
득,5
울음보,20
들,3271
아쉬움,847
장전,14
정면,3
칠흑,32
애새끼,2
새벽,819
만땅,21
화색,7
카드,57
최후,4
퓨쳐,10
일기장,17
천금,2
화상,3
얄짤,5
화살,642
피사체,149
월세,13
연봉,292
입가,853
대접,8
절반,17
일촌,2
지원,10
뒷담,6
금술,7
승산,101
장밋빛,5
일초,11
디,18
안녕,1574
아낙네,725
애칭,7
남남,245
일과,21
무지,6
몰매,2
이기,2614
신발,291
딥,6
가세,14
첫인상,4
해방,14
한국인,5
항복,19
노래,19874
직원,40
딸,29
오후,22
통나무,5
용용,12
파란불,10
피,353
돌고래,3
중반,5
옛사랑,16
땀,383
기분,5123
출근길,7
속안,207
옛사람,8
땅,990
각성,18
기부,10
열병,23
보도,19
백전백승,1
때,40677
필수,20
생명,34
카피,6
돼지,3
화석,3
에서,309
반칙,119
우연,595
하,750
불규칙,6
학,21
파워,6
한,451
준비,4944
며느리,1
꽃밭,24
땡,86
동기,14
옷자락,39
걱정거리,203
질서정연,2
합,291
나팔,114
핫,327
메시지,117
이해심,7
약육강식,4
치료,485
항,7
낙담,3
우스갯소리,1
보폭,104
수풀,690
유명세,5
환상,419
종교,21
해,3050
과식,4
과시,22
핵,15
이팔청춘,15
기집애,89
복도,4
일주일,61
샘물,171
이치,7
답지,113
제비뽑기,145
차별,2
발길,381
사상,9
집안,283
남녀,10
논란,309
양주,6
답안지,4
왕년,4
사사,5
클렌징,3
죽을힘,7
국한,6
별말,420
요즘,3480
환생,761
인기,436
철칙,9
손안,5
떡,652
고요,207
지인,3
학창시절,12
계약서,5
향,44
절벽,289
컴온,16
앞코,7
제멋,6
노력,824
떼,1700
간섭,21
청소년,12
시간문제,11
방구석,103
들길,1
지구본,6
미니,14
배가,40
허,5
뱃지,6
꽃가루,15
탈출,14
변명,924
로맨스,40
갈색,27
심문,3
해변,276
용의,3
험,277
머릿결,239
응답,6
빨간빛,1
피해자,6
전부,2858
난파,4
생물,6
외국,10
핫바지,6
김밥,39
장사꾼,2
알통,6
격군,5
난대,4
선바람,7
메어,23
관심,1415
자동차,374
꿈결,1688
선팅,6
혀,915
클라이막스,6
등골,7
매니지먼트,35
포니테일,2
핏속,4
하소연,126
대중,29
위법,7
나잇살,7
어안,15
거품,356
가수,169
단가,5
우울,286
클럽,199
협,2
산삼,4
사세,2
형,386
제목,336
일급,1
맞장구,5
직장,176
만화,77
잠깐만,24
책망,7
지우개,207
똥,35
잡지,116
쇠똥구리,3
비가,6
일기,76
되새김,23
너와,1252
제자리,941
이기심,218
운전대,75
흰구름,6
아우성,7
혹,2
광선,9
몸매,1149
혼,1462
외출,108
우월,7
약간,528
월요일,394
홀,8
폭격,12
날티,4
홈,1148
지점,6
미덕,2
악당,5
지정,3
우위,2
불신,2
땀방울,12
은행,86
존재감,6
바닷속,227
속옷,5
화,1458
봉투,5
귀가,13
별명,18
결과,312
수학,16
활,10
허파,4
명장면,5
거들,1
비참,422
두상,14
우유,283
자각,145
치마,169
증거,148
여기저기,997
고의,6
파트너,2
퇴짜,4
방구,291
소외,12
사내새끼,7
직전,501
창문,301
밤길,2
방출,6
소용,791
부재중,200
감사,948
가로등,775
권능,2
획,648
탈영병,5
지난여름,73
냉기,10
엊그제,349
청춘,61
유리,1096
작가,1
배경,421
뚜,6
입구,6
아퍼,231
테레비,1
가슴,24019
감상,160
빗방울,7
가시밭길,11
결국,900
악덕,9
지조,4
국회,105
자존감,15
자책,19
심박,1
돈벼락,8
현찰,90
버스,995
바퀴,13
초등학생,8
신부,16
제물,2
젊은이,20
쪽지,6
실업자,6
안달,52
배고픔,3
학생,228
후,4616
산소,3
주먹다짐,6
난폭,6
가식,2317
재주,19
진정,15
크림,290
가시,1477
부끄러움,10
단계,48
명상,6
흡수,2
조바심,265
허수아비,372
분위기,1646
고장,192
휴일,5
선포,35
대지,9
말뚝,3
단체,3
이판사판,12
소원,862
주사위,110
언어,74
닐리리,150
팔자,16
나이스,2
외침,66
우유빛,6
어스름,7
엑스,92
희생,79
여전사,6
시비,33
성장기,8
미동,524
모범,90
비결,1
자진모리,7
유머,273
자격,91
뜬구름,17
차비,129
갈수,17
경찰,8
내년,26
화실,3
소유,12
옛말,103
야광,7
자처,2
궁둥,3
먼지,189
솜씨,21
가슴앓이,20
단골,5
노릇,7
뒤뜰,7
노름,6
앞날,5
임금,2
말꼬리,1
고정,202
체구,6
강사,192
수확,7
꺾기,4
선두,3
죄인,230
개뿔,12
톱니,2
강산,4
총살,3
등급,3
차별화,2
뜰,38
확신,1060
한줄기,40
감성,519
치명,41
일부다처,1
가치관,6
뜸,11
청기,3
뜻,359
자체,115
글씨,13
공약,3
법석,3
오른팔,6
번식,4
본때,254
입김,250
흰색,7
민폐,5
재즈,5
박탈,4
사랑놀이,142
장애물,3
흉,71
뒤란,5
노총각,4
기러기,6
흑,3
셔츠,68
양쪽,5
네온사인,272
바탕,20
발견자,5
소음,268
꼬라지,25
방치,1
흙,31
표현법,4
명성,3
자초,288
띠,899
창밖,181
흠,39
사스,4
젖병,7
흥,27
현관,498
정보,10
작곡,291
야구,6
식은땀,73
센터,3
산수,3
큰맘,5
보험,11
의도,9
시나리오,223
화풀이,16
마련,3
끝방,264
어쿠스틱,7
신비,701
라,9523
유명,276
락,106
우정,141
란,18
헛소리,442
소장,3
공여,7
골인,13
고조,7
구라,3
반납,7
농락,2
히,394
빈곤,7
울음,244
공연,23
힐,7
사슴,17
심보,2
엉망진창,165
우울증,2
힘,4738
래,2681
잼잼,170
정복,33
사슬,10
힙,17
비교,136
랜,2
조퇴,5
매듭,152
사실,1858
가시덤불,203
가시나,81
마찬가지,52
주세,4
논리,3
비굴,2
랩,1262
강성,286
다음주,6
오류,3
총성,19
서핑,3
체취,3
하나님,176
경계,19
이날,6
동네방네,138
소재,306
주석,5
단추,11
굴뚝,273
고등학교,4
부담감,23
자국,11
빈털터리,13
운전,237
낙하,7
녀석,6
무게,141
스키장,192
보호,3
잔고,16
발끝,1229
경고,236
짐작,23
탈바꿈,6
시계추,10
포기,1282
매일밤,50
문가,7
꽈배기,6
혈관,6
소절,5
그림자,804
순회,3
부르스,7
태양빛,4
회복,9
노트북,2
동남,6
밑바닥,26
럼,3118
맨파워,6
끝인사,7
험담,13
남편,13
주소,16
초인종,254
오리,30
레스토랑,3
틀니,6
상사,20
야근,208
슈즈,7
손자,1
휴대폰,208
렛,10
지진,6
컴퓨터,2
설득,17
비극,41
명수,56
인내,9
노모,4
골목골목,12
어깨동무,7
기쁨,1200
질주,21
취중,7
오만,6
햇볕,20
상상,2618
아들,63
호의,273
직진,23
샴페인,2
반년,6
블랙홀,1
마일리지,11
배치,3
자취,17
개구쟁이,792
물감,704
역사,165
아픔,4962
가르마,49
갈매기,19
울적,3
후회,8116
우주,368
현실주의자,3
한숨,1864
어이,133
여사,6
로,640
떡볶이,3
경추,5
무일푼,5
롤,5
진지,7
콧소리,20
기사,202
롬,1973
케익,155
곤두박질,5
거짓말,5618
과열,7
공원,11
분야,6
마침표,11
은행나무,3
자극,316
겨울바람,2
고마움,7
부여,4
동네,366
평판,205
수식어,147
삼세판,1
개성,12
진짜,617
최면,366
요청,4
단칼,3
동녘,7
만루,12
행보,207
행복,20752
귓가,1258
컨텐츠,5
앵콜,8
애벌레,1
도둑놈,1
불안불안,6
그림책,5
적대심,5
보따리,4
콧물,18
물건,108
근육,280
객석,2
불씨,181
기생,5
소꿉장난,3
윗도리,6
취직,6
목줄기,2
취지,3
올겨울,3
매혹,42
자칭,61
상실감,8
연상,2
바나나,21
혼자,14143
역설,5
세대,10
함성,84
일탈,8
샤우팅,6
세팅,8
불안,4796
공휴일,6
감시,10
극장,4
눈짓,7
여성,9
공유,14
호들갑,5
장가,264
물결,60
어젯,4
고집,46
점쟁이,8
유발,1
소주,658
룩,72
스윗,19
어제,3712
룰,6
웃음,2717
악조건,2
기준선,2
룸,18
한목소리,753
한순간,348
날라리,52
고질,2
밀렵꾼,6
혼잡,8
색상,2
떨림,267
발톱,232
회색빛,8
경기,4
뒤처리,173
얼음,198
잠결,5
자긍심,5
보람,3
명심,2
언쟁,9
투어,11
바늘,967
장갑,3
존대,2
실랑이,5
허섭스레기,2
대가,26
휴지,25
커피숍,4
그전,32
조가리,5
저마다,7
한시,35
옐로우,7
배꼽,2
도둑,27
밤낮,218
기세,5
억제,5
형체,302
빈칸,282
겨냥,292
오래달리기,3
브랜드,170
어려움,16
막말,124
전사,6
주스,3
그제,4
혈기,5
엔돌핀,2
필연,16
골목길,1221
색색,2
당초,6
장착,2
거래,1311
요구,24
전생,17
납득,7
씨름,10
공장,279
바닥,624
멜로디,792
바다,4760
팔짱,1436
들통,3
첫사랑,1577
적성,1
첫날,2
가아,4
침몰,8
토마토,4
대책,11
중3,7
온라인,9
잔치,4
수록,431
술래,119
여의봉,5
은행잎,5
왕따,5
시샘,15
전무후무,2
신기루,630
무기,16
성품,5
주실,4
주차장,6
르,333
공백기,3
블루칩,3
식사,324
집중,402
핸드백,163
밀항,3
진저리,12
오물,7
글자,448
연속,218
온몸,1933
구름,753
대처,3
이때쯤,38
계획표,157
내편,48
주의보,6
부위,2
자켓,6
좌절감,2
타이틀,9
대결,7
원위치,2
함수,1
전세,274
리,2415
세포,12
햇빛,723
내포,5
교복,45
제비,2
화약,8
귀퉁이,1
부유,4
본래,6
전설,7
거품기,6
링,22
새사람,7
과음,504
마,65
막,82
필요,5432
사타구니,4
만,4
꿈나무,7
피자,19
말,87645
가업,35
이틀,421
신사,549
침묵,180
젓가락,25
나흘,5
길거리,603
맘,59464
착색,2
맛,978
방탕,66
시선,4049
한동안,150
비바람,520
방아쇠,5
장관,7
매,477
기대감,81
맥,163
기술,9
새벽녘,11
맨,6
서랍,30
송이,1806
요금,2
신고서,11
구매,8
나라,1300
출입문,6
맴,228
단꿈,3
계기,5
신상,3
에어,7
반대,712
별빛,466
과자,264
부자,166
이사진,7
순간순간,23
공존,10
그중,21
잔머리,34
사글세,6
착석,2
백그라운드,4
성장판,1
앗살람,42
과일,4
소개팅,5
잉크,133
몸부림,28
체크,31
상식,3
식곤증,5
에어컨디셔너,7
청년,21
눈망울,35
부장,7
해석,328
사탕발림,2
능력,49
머,2
티켓,13
먹,9
불운,5
속마음,32
과장,17
신세,408
뱃길,10
셔터,2
흑자,3
실상,3
무지개,267
혀끝,78
발달,2
엉덩이,396
술주정,205
지갑,337
멈,144
신성,6
술기운,10
멋,404
오브제,7
에오,84
멍,419
강바람,5
평등,6
척도,6
금가루,3
상심,5
메,60
각오,19
지각,260
독해,2
손짓,435
발단,7
상실,6
안식처,1165
기스,296
물기,24
쪼가리,2
난공불락,4
전화기,1400
철판,2
누가,6
여신,813
폭탄,10
잠금,8
번역,7
박동,28
장군,10
구멍,378
열쇠,393
면,418
직감,30
축하,227
파란색,1
사양,18
미흡,4
장구,138
가요,199
부정,757
해소,5
담벼락,4
대추,2
위선,23
주머니,383
명,281
걸레,1
눈인사,6
대출,13
파라솔,269
과정,325
수리,14
인파,4
배탈,2
베이베,24
퇴근,52
담배꽁초,6
스타일,721
눈높이,14
채비,88
이기주의자,2
베레모,127
어린아이,166
찬성,5
오방,6
광야,11
주둥이,5
첫눈,187
진가,1
댓가지,1
울타리,13
잠깐,322
모,47
목,1523
공중,6
몫,40
재고,37
외투,14
핸섬,3
허락,966
원인,13
몰,22
공주,155
떡밥,2
환영,323
억지,738
과제,280
궤도,24
위성,6
미래,2800
몸,7344
괴리감,6
딱지,4
들판,103
못,613
머리끝,9
직책,7
업적,5
재촉,492
불의,4
방뇨,4
아래,4561
비난,6
배너,5
매력,815
광어,6
빗길,8
머그,5
서로,4315
토론,9
브레이크,4
참가자,7
사연,40
서론,11
연습,922
그지,4
조합,4
위기감,3
부족,3035
맘마,8
만물,3
껍데기,153
하루하루,226
일방통행,36
찬송,7
꽃가마,5
흥얼,33
눈가,261
노코멘트,7
용건,2
안티노미,2
불이,5
이동,5
퇴치,35
투자,8
아랫,9
양치,4
보름달,3
체념,24
한걸음,2232
보름,15
파격,4
순리,7
난장판,3
지렛대,6
이마빡,288
완료,3
가위,535
머리통,2
분전,2
인사말,12
묘,3
연기력,4
성형,7
일대,5
앞뒤,422
안정감,1
패러다임,14
종아리,5
통화,680
대기,16
미련,2773
바구니,125
고개,2207
거리,8597
새싹,11
허송세월,10
교통사고,11
발동,2
길바닥,7
허탈감,2
정사,7
하이톤,9
장기,2
무,721
침범,15
묵,4
흔적,1677
문,2939
우윳빛,9
물,1839
전시,3
수면,139
전신,61
티끌,22
직관,5
발포,5
충동,15
거만,4
안전거리,7
장치,2
정색,17
진척,2
빨간색,21
새치기,4
뭍,2
빛깔,34
파고,5
천둥,9
뭐,12
가을,672
판매원,12
쉐도우,5
자태,160
정상,89
휴가,22
난로,5
짜증,2457
물고기,8
심사,2
첨단,3
충돌,22
댓가,244
성화,12
자격지심,46
열심,3
숙면,7
습작,6
사용,206
옆모습,6
투정,653
미로,5
수명,5
명암,95
콤비,3
국물,324
암호,5
단념,17
이듬해,291
매료,16
말문,13
얘기,8204
목선,6
각인,6
접속,7
단발머리,4
위스키,19
수목,403
참새,11
땅덩이,4
케이스,8
공짜,39
숙명,292
전쟁터,5
생색,1
지금쯤,301
바디,287
사계절,34
예상,260
초상화,7
뮤,12
정성,14
회색,46
전화번호,602
사춘기,191
실수,1291
티키,7
회상,18
예산,35
포지션,5
사월,6
평화,85
파괴,5
어처구니,216
지구,415
얘길,6
유토피아,145
각자,205
회사,62
판결,3
한약,2
에이,984
사원,3
긍정,25
하염,4
정서,19
화재,1
지난밤,3
지출,4
화장,760
작년,36
팽이,7
다툼,315
웨어,3
총알,29
발표,4
확인,531
홍조,8
마법,290
노비,15
등장인물,6
곁눈질,3
탐닉,6
찬스,2
중심,312
폐허,4
임대,3
심심풀이,11
규칙,26
확장,7
승자,15
불면증,5
미,63
자부심,12
감염,2
볼륨,395
생선,15
트랙,7
발품,6
민,2
조화,2
블락,3
불장난,2
밀,413
감옥,46
가정,4
남우주연상,4
성냥개비,51
입대,5
관중,7
소개,95
서리,6
복면,15
방패,6
사이사이,3
면접,1
초록색,7
권력,5
핵심,6
거렁뱅이,4
창살,11
희귀종,5
점수,15
밑,925
초점,16
희열,3
바,6
밖,4599
피질,4
햇살,3328
입담,83
반,1193
내년도,15
그즈음,4
발,3156
재기,7
소감,9
쭉정이,2
속앓이,16
지그,2
환자,20
밤,27441
내리막길,8
바닷가,763
밥,882
천하,3
미운털,3
전광판,7
방,1698
황야,212
후면,27
밭,3
트럭,8
배,1569
에어백,1
명예,256
간장,11
재치,3
이어폰,23
진군,1
딴생각,23
등대,292
국민,26
책가방,6
전속력,4
출발선,4
구박,264
접수,8
이때,30
사임,15
뱀,5
축소판,14
발등,10
반항,10
뱃,2
뱅,3
구릿빛,3
사이,6529
지금,10043
남녀노소,322
화제,103
갑옷,7
기관지,3
부진,2
사인,75
저녁노을,24
외도,4
여선생,1
환장,32
비누,20
뒤풀이,4
행사,16
말발,4
초콜렛,29
쉰내,4
흡입,269
부질,6
윽박,18
실시,4
집착,1069
사장,211
모순,8
가족,264
엄지,36
상품권,3
추진력,3
눈동자,533
주연,8
배터리,284
추락,39
초조,11
뚱보,5
결판,3
중학생,4
사자,1594
굳은살,12
버,14
다담,402
난리,193
책임자,6
수화기,12
곰돌이,5
일레븐,2
목숨,160
번,381
돈벌이,10
뒷면,4
벌,723
베이스,22
아류,9
옷걸이,2
영양제,2
담뱃값,82
법,2186
다다,4
깁스,2
벗,48
이해,3965
사재,5
미꾸라지,4
벙,8
본명,8
꽃미남,2
애매모호,1905
베,12
철학,16
광장,14
하루밤,2
오빠,1291
선망,3
벨,6
배달,14
심술,281
따까리,35
금지,27
대꾸,300
눈귀,101
각종,1
발바닥,16
장식품,11
밤거리,72
목걸이,25
정숙,35
벼,78
벽,127
진취,3
용기,2207
변,275
사전,14
추러,7
호감,297
배팅,118
집게,1
별,4921
점심,158
뒷목,22
줄담배,6
뾰족구두,7
술자리,64
구별,6
똥칠,3
터전,8
휴식처,6
말벗,3
병,210
행성,11
올림픽,23
아랫배,5
볕,317
킬러,99
갱신,5
목소리,7335
보물,11
블로,2
비트,13
수박,10
가죽,12
몸살,10
변호사,6
일등,5
문턱,5
사정,26
한밤중,5
접시,126
야단,562
보,16
복,6
평상시,7
볼,1045
허리,377
예술,1559
수배,3
변성기,35
봄,5487
책상,30
디테일,8
푼수,2
여야,10
봉,42
강요,8
잠수부,3
나뭇잎,7
산산조각,7
여행자,2
드라마,431
회수,1
인간관계,18
삭제,5
수반,4
그간,101
모습,18718
멸종,3
콩깍지,14
고취,5
하자,3
지고지순,3
귀티,4
눈길,372
하늘빛,29
봬,6
큰소리,6
취급,40
클라스,290
역사책,10
하인,4
악마,357
별자리,20
포도,1014
꾀병,4
눈치,2369
좌표,17
타협,32
의리,509
하재,2
변수,3
취기,7
꺼풀,2
흙바닥,2
남루,237
페이지,119
기약,167
비판,293
레퍼토리,13
살인,8
건물,225
소독차,3
수법,7
충혈,7
연애,203
마비,230
초콜릿색,334
벼멸구,1
탈피,2
정식,6
번호표,161
정신,3120
범인,14
억겁,30
뒷문,27
다독,3
신경질,3
형태,1
불모지,9
부,772
기업,5
북,14
분,34
인형,541
무화과,6
폭포,5
불,5831
종이배,9
나무,628
구분,299
동화,64
마빡,144
장난,1876
기억,17038
붐,29
작당,5
주위,1625
마이크,167
붓,181
법인,2
일행,1
작대,114
빈틈,19
황홀경,351
대기표,2
포폭,1
거미,75
배편,3
조련,8
한잔,3436
안간힘,213
잎사귀,21
미모,7
늦바람,4
공감,294
한입,18
권리,6
수년간,237
대낮,24
호위병,8
공간,701
명작,167
다음달,6
짜가,201
시냇물,5
몇일,14
몸속,12
별수,109
살점,83
주의,139
사주,285
소나기,129
이후,60
가짜,1724
코스,6
전압,1
단독,4
매니저,16
은행가,3
공개,35
앞바다,15
천사표,2
가지,12
금요일,20
학수고대,2
닮은꼴,6
연어,3
새침데기,7
근거,9
소금,11
주인,433
공책,2
시스템,13
내력,1
세련,249
증폭,1
개요,194
바람,8518
무늬,526
딴청,44
뷰,16
여왕,557
각질,5
후배,75
죽음,48
강의,6
지름길,13
설명,654
인생살이,8
찹쌀,2
아침밥,201
언제쯤,189
후방,6
곱슬머리,249
악몽,1757
다음날,382
연예,22
바램,70
선물,2331
웬일,5
외할머니,1
근처,377
둘이,9
말솜씨,7
강자,5
감정,3191
주입,3
굴복,5
작업실,114
조롱,237
티티,6
레디,6
품속,346
건방,7
발자국,307
토요일,221
눈꼽,4
그동안,86
더위,283
간직,1358
살얼음,17
현주소,10
건배,271
풍선,216
매무새,6
기지개,3
호구,10
반대말,2
건반,5
고민거리,20
승질,13
변신,12
시야,31
타바스코,61
세로,5
구김살,2
공격,13
해방감,2
비,6483
빅,18
방학,5
촬영,178
거리낌,2
여운,10
간질,193
자동,4
여울,2
빗,26
빙,3
폭풍,813
빚,451
눈코,9
빛,7267
무대,1155
혜택,6
여우,332
동질감,6
견해,3
쟁취,132
빠,978
행실,4
오두막,15
골치,15
단둘,200
엔진,31
칼바람,4
허물,2
빰,129
태도,305
수분,12
곳곳,80
빵,70
이음새,4
허무,84
해애,42
파워포인트,101
안목,11
합죽이,4
상위,4
방해,33
공경,5
빽,2
반란,3
사진,1245
갈증,18
주정,6
테두리,14
매미,240
문틈,22
결핍,133
방향,18
먹통,5
편지지,12
독립,52
사랑방,4
도망,332
기운,63
나발,1
어귀,935
담대,101
주저,71
종잇조각,3
저울,4
타락,179
인공위성,14
흉골,2
뉴스,21
무덤,132
범죄,27
박력,2
뺨,452
낭만,42
술병,20
후보,2
여유,275
사회생활,35
잔돈,5
우회전,2
밤바다,2214
결함,2
손길,762
앞치마,3
계단,171
무더위,5
복숭아,1
강제,29
호텔방,6
단풍,3
성립,6
공공,285
원숭이,36
드럼,208
주제,136
동장군,5
게으름뱅이,90
의무,18
피처,12
맥박,10
개인,22
베일,22
라디오,52
세탁소,3
진양조,7
상인,21
뻑,14
징글,30
냉장고,154
눈도장,6
길옆,16
위안,17
교수,6
과거,940
완벽,2502
뻥,95
즉흥,4
틀림,12
포함,3
아무것,5567
집합체,2
암막,5
강조,4
새우,5
혼잣말,648
알몸,12
무리수,10
커텐,4
상자,5
의문,12
파크,3
개입,14
찬양,2
범주,208
누나,440
노소,3
착오,2
은빛,10
거부,990
돈맛,3
부지기수,9
지하철,57
뼈,37
관객,27
선배,20
개수작,3
랩송,2
작품,45
부처,3
여인,38
줄자,4
분간,9
뼘,5
눈초리,15
우두머리,12
얼굴,7543
표정,4335
맨발,20
조리,30
친숙,7
옥상,30
다이나믹,6
관찰,4
지탱,8
픽쳐,3
천둥벌거숭이,24
태풍,27
어깨,3013
기대치,5
하나하나,14
수영장,2
잔디밭,5
호칭,7
잔소리,867
체한,5
피곤,781
다행,240
청혼,33
신경전,2
머저리,24
용납,99
초여름,6
여자,12187
복부,2
전용,6
표적,21
저의,2
등록금,6
횟수,42
짓거리,60
개새끼,5
합작,10
저음,760
전원,2
자연산,273
뽕,20
조립,20
조각조각,5
기일,5
최선,276
반론,1
타령,2
적응,33
라인,59
시원,269
지망생,12
가을내,3
하지,6
이론,8
방황,689
중절모,4
성공담,3
지네,37
후유증,420
경품,2
교실,3
울림소리,6
살집,158
머니,19
업계,2
화보집,1
자장가,12
속임수,2
연인,362
날밤,7
아들놈,2
실연,4
아가씨,944
눈물샘,12
단합,2
결혼,187
변호사비,35
인디언,1
테입,5
감지,216
잣대,208
소꿉,6
불협화음,18
고난,18
끼니때,2
역전,23
발자취,2
여정,13
차원,32
내맘,2251
무표정,526
인력,5
함정,38
의미,2769
걸음걸이,261
조각배,8
전율,97
체험,5
저장,12
주변인,7
초록빛,24
걸음걸음,243
빙판,7
싸구려,120
마루턱,5
기적,521
새장,13
편법,3
할머니,428
장님,307
기절,18
공기,1031
탄탄대로,12
관계,99
비행,102
뿔,110
원천,5
발로,94
테잎,16
요동,9
중모리,7
대담,5
대답,1975
긴장,264
사내놈,9
전화통,13
딸기,3
귀향,3
장담,293
탄력,106
안방,286
차가움,122
서부,4
영업,2
산재보험,2
하루아침,31
모양,270
